remark,"CSV-Import-Export"
remark,"Date = Fri Sep 19 04:05:39 2025"
remark,"Version = RSLogix 5000 v19.01"
remark,"Owner = Windows User"
remark,"Company = "
0.3
TYPE,SCOPE,NAME,DESCRIPTION,DATATYPE,SPECIFIER,ATTRIBUTES
TAG,,Local:1:I,"","AB:1769_DI32:I:0","",""
TAG,,Local:2:I,"","AB:1769_DI32:I:0","",""
TAG,,Local:3:C,"","AB:1769_DO16:C:0","",""
TAG,,Local:3:I,"","AB:1769_DO16:I:0","",""
TAG,,Local:3:O,"","AB:1769_DO16:O:0","",""
TAG,,Local:4:C,"","AB:1769_DO16:C:0","",""
TAG,,Local:4:I,"","AB:1769_DO16:I:0","",""
TAG,,Local:4:O,"","AB:1769_DO16:O:0","",""
TAG,,Local:5:C,"","AB:1769_DO16:C:0","",""
TAG,,Local:5:I,"","AB:1769_DO16:I:0","",""
TAG,,Local:5:O,"","AB:1769_DO16:O:0","",""
TAG,,Local:6:C,"","AB:1769_OF4VI:C:0","",""
TAG,,Local:6:I,"","AB:1769_OF4VI:I:0","",""
TAG,,Local:6:O,"","AB:1769_OF4VI:O:0","",""
TAG,,AllDrivesEnabled,"","BOOL","","(RADIX := Decimal, Constant := false, ExternalAccess := Read/Write)"
TAG,,AllDrivesHomed,"","BOOL","","(RADIX := Decimal, Constant := false, ExternalAccess := Read/Write)"
TAG,,Aux_Cam,"","BOOL[32]","","(RADIX := Decimal, Constant := false, ExternalAccess := Read/Write)"
TAG,,Avg_Speed,"","INT","","(RADIX := Decimal, Constant := false, ExternalAccess := Read/Write)"
TAG,,B3_0,"SCADA counter reset","BOOL[32]","","(RADIX := Decimal, Constant := false, ExternalAccess := Read/Write)"
TAG,,Bagger_Enable_2,"","BOOL","","(RADIX := Decimal, Constant := false, ExternalAccess := Read/Write)"
TAG,,Blockade_Cam,"","BOOL","","(RADIX := Decimal, Constant := false, ExternalAccess := Read/Write)"
TAG,,C5_0,"","COUNTER[32]","","(Constant := false, ExternalAccess := Read/Write)"
TAG,,Cam_Data,"","INT[15]","","(RADIX := Decimal, Constant := false, ExternalAccess := Read/Write)"
TAG,,Control,"","CONTROL[5]","","(Constant := false, ExternalAccess := Read/Write)"
TAG,,Count_Blade_PEC,"","COUNTER","","(Constant := false, ExternalAccess := Read/Write)"
TAG,,Current_Product,"","INT","","(RADIX := Decimal, Constant := false, ExternalAccess := Read/Write)"
TAG,,DelayStart,"","TIMER","","(Constant := false, ExternalAccess := Read/Write)"
TAG,,DisableForTuning,"","BOOL","","(RADIX := Decimal, Constant := false, ExternalAccess := Read/Write)"
TAG,,DischargeAccel,"","REAL","","(RADIX := Float, Constant := false, ExternalAccess := Read/Write)"
TAG,,DischargeCammed,"","BOOL","","(RADIX := Decimal, Constant := false, ExternalAccess := Read/Write)"
TAG,,DischargeCamprofile,"","CAM_PROFILE[5]","","(Constant := false, ExternalAccess := Read/Write)"
TAG,,DischargeChangeOffset,"","BOOL","","(RADIX := Decimal, Constant := false, ExternalAccess := Read/Write)"
TAG,,DischargeControl,"","UDT_Motion_Instructions","","(Constant := false, ExternalAccess := Read/Write)"
TAG,,DischargeDev,"","REAL","","(RADIX := Float, Constant := false, ExternalAccess := Read/Write)"
TAG,,DischargeDiff,"","REAL","","(RADIX := Float, Constant := false, ExternalAccess := Read/Write)"
TAG,,DischargeMoveType,"","DINT","","(RADIX := Decimal, Constant := false, ExternalAccess := Read/Write)"
TAG,,DischargeOffset,"","REAL","","(RADIX := Float, Constant := false, ExternalAccess := Read/Write)"
TAG,,DischargeOffsetAccel,"","DINT","","(RADIX := Decimal, Constant := false, ExternalAccess := Read/Write)"
TAG,,DischargeOffsetPosition,"","REAL","","(RADIX := Float, Constant := false, ExternalAccess := Read/Write)"
TAG,,DischargeOffsetSpeed,"","DINT","","(RADIX := Decimal, Constant := false, ExternalAccess := Read/Write)"
TAG,,DischargeRecoverPosition,"","REAL","","(RADIX := Float, Constant := false, ExternalAccess := Read/Write)"
TAG,,DischargeSlope,"","REAL","","(RADIX := Float, Constant := false, ExternalAccess := Read/Write)"
TAG,,DischargeSpeed,"","REAL","","(RADIX := Float, Constant := false, ExternalAccess := Read/Write)"
TAG,,DischargeStepNumber,"","DINT","","(RADIX := Decimal, Constant := false, ExternalAccess := Read/Write)"
TAG,,Discharge_Torque_Limit,"","REAL","","(RADIX := Float, Constant := false, ExternalAccess := Read/Write)"
TAG,,Double_Cam,"","BOOL","","(RADIX := Decimal, Constant := false, ExternalAccess := Read/Write)"
TAG,,Fault,"","BOOL[64]","","(RADIX := Decimal, Constant := false, ExternalAccess := Read/Write)"
TAG,,Fault_Display_Timer,"","TIMER","","(Constant := false, ExternalAccess := Read/Write)"
TAG,,HMI_Bit,"","BOOL[32]","","(RADIX := Decimal, Constant := false, ExternalAccess := Read/Write)"
COMMENT,,HMI_Bit,"Manual Wicket HMI",,"HMI_Bit[21]"
TAG,,HMI_Numeric_Data,"","DINT[20]","","(RADIX := Decimal, Constant := false, ExternalAccess := Read/Write)"
TAG,,HMI_Speed_Data,"","INT[10]","","(RADIX := Decimal, Constant := false, ExternalAccess := Read/Write)"
TAG,,HomeMasterEncoder,"","BOOL","","(RADIX := Decimal, Constant := false, ExternalAccess := Read/Write)"
TAG,,HomeWicket,"","BOOL","","(RADIX := Decimal, Constant := false, ExternalAccess := Read/Write)"
TAG,,HomeWicketSeq,"","DINT","","(RADIX := Decimal, Constant := false, ExternalAccess := Read/Write)"
ALIAS,,I100,"","","Local:1:I.Data.0","(RADIX := Decimal, ExternalAccess := Read/Write)"
ALIAS,,I101,"","","Local:1:I.Data.1","(RADIX := Decimal, ExternalAccess := Read/Write)"
ALIAS,,I102,"SLICER INFEED PEC 1","","Local:1:I.Data.2","(RADIX := Decimal, ExternalAccess := Read/Write)"
ALIAS,,I103,"SLICER INFEED PEC 2","","Local:1:I.Data.3","(RADIX := Decimal, ExternalAccess := Read/Write)"
ALIAS,,I104,"","","Local:1:I.Data.4","(RADIX := Decimal, ExternalAccess := Read/Write)"
ALIAS,,I105,"","","Local:1:I.Data.5","(RADIX := Decimal, ExternalAccess := Read/Write)"
ALIAS,,I106,"","","Local:1:I.Data.6","(RADIX := Decimal, ExternalAccess := Read/Write)"
ALIAS,,I107,"","","Local:1:I.Data.7","(RADIX := Decimal, ExternalAccess := Read/Write)"
ALIAS,,I108,"","","Local:1:I.Data.8","(RADIX := Decimal, ExternalAccess := Read/Write)"
ALIAS,,I109,"","","Local:1:I.Data.9","(RADIX := Decimal, ExternalAccess := Read/Write)"
ALIAS,,I110,"","","Local:1:I.Data.10","(RADIX := Decimal, ExternalAccess := Read/Write)"
ALIAS,,I111,"","","Local:1:I.Data.11","(RADIX := Decimal, ExternalAccess := Read/Write)"
ALIAS,,I112,"","","Local:1:I.Data.12","(RADIX := Decimal, ExternalAccess := Read/Write)"
ALIAS,,I113,"","","Local:1:I.Data.13","(RADIX := Decimal, ExternalAccess := Read/Write)"
ALIAS,,I115,"","","Local:1:I.Data.15","(RADIX := Decimal, ExternalAccess := Read/Write)"
ALIAS,,I116,"SLICER SYNCHRO PEC","","Local:1:I.Data.16","(RADIX := Decimal, ExternalAccess := Read/Write)"
ALIAS,,I117,"","","Local:1:I.Data.17","(RADIX := Decimal, ExternalAccess := Read/Write)"
ALIAS,,I118,"","","Local:1:I.Data.18","(RADIX := Decimal, ExternalAccess := Read/Write)"
ALIAS,,I119,"Bags in position proximity sensor.","","Local:1:I.Data.19","(RADIX := Decimal, ExternalAccess := Read/Write)"
ALIAS,,I120,"","","Local:1:I.Data.20","(RADIX := Decimal, ExternalAccess := Read/Write)"
ALIAS,,I121,"","","Local:1:I.Data.21","(RADIX := Decimal, ExternalAccess := Read/Write)"
ALIAS,,I122,"Wicket change cylinder reed switch (L).","","Local:1:I.Data.22","(RADIX := Decimal, ExternalAccess := Read/Write)"
ALIAS,,I123,"Wicket change cylinder reed switch (R).","","Local:1:I.Data.23","(RADIX := Decimal, ExternalAccess := Read/Write)"
ALIAS,,I124,"Bag empty sensor on wicket change","","Local:1:I.Data.24","(RADIX := Decimal, ExternalAccess := Read/Write)"
ALIAS,,i125,"","","Local:1:I.Data.25","(RADIX := Decimal, ExternalAccess := Read/Write)"
ALIAS,,I127,"","","Local:1:I.Data.27","(RADIX := Decimal, ExternalAccess := Read/Write)"
ALIAS,,I200,"","","Local:2:I.Data.0","(RADIX := Decimal, ExternalAccess := Read/Write)"
ALIAS,,I201,"","","Local:2:I.Data.1","(RADIX := Decimal, ExternalAccess := Read/Write)"
ALIAS,,I202,"","","Local:2:I.Data.2","(RADIX := Decimal, ExternalAccess := Read/Write)"
ALIAS,,I203,"","","Local:2:I.Data.3","(RADIX := Decimal, ExternalAccess := Read/Write)"
ALIAS,,I204,"","","Local:2:I.Data.4","(RADIX := Decimal, ExternalAccess := Read/Write)"
ALIAS,,I213,"","","Local:2:I.Data.13","(RADIX := Decimal, ExternalAccess := Read/Write)"
ALIAS,,I214,"","","Local:2:I.Data.14","(RADIX := Decimal, ExternalAccess := Read/Write)"
ALIAS,,I215,"","","Local:2:I.Data.15","(RADIX := Decimal, ExternalAccess := Read/Write)"
ALIAS,,I216,"","","Local:2:I.Data.16","(RADIX := Decimal, ExternalAccess := Read/Write)"
ALIAS,,I217,"","","Local:2:I.Data.17","(RADIX := Decimal, ExternalAccess := Read/Write)"
ALIAS,,I218,"","","Local:2:I.Data.18","(RADIX := Decimal, ExternalAccess := Read/Write)"
ALIAS,,I219,"","","Local:2:I.Data.19","(RADIX := Decimal, ExternalAccess := Read/Write)"
ALIAS,,I220,"","","Local:2:I.Data.20","(RADIX := Decimal, ExternalAccess := Read/Write)"
ALIAS,,I221,"","","Local:2:I.Data.21","(RADIX := Decimal, ExternalAccess := Read/Write)"
ALIAS,,I222,"","","Local:2:I.Data.22","(RADIX := Decimal, ExternalAccess := Read/Write)"
ALIAS,,I223,"","","Local:2:I.Data.23","(RADIX := Decimal, ExternalAccess := Read/Write)"
TAG,,InfeedAccel,"","REAL","","(RADIX := Float, Constant := false, ExternalAccess := Read/Write)"
TAG,,InfeedCammed,"","BOOL","","(RADIX := Decimal, Constant := false, ExternalAccess := Read/Write)"
TAG,,InfeedCamprofile,"","CAM_PROFILE[5]","","(Constant := false, ExternalAccess := Read/Write)"
TAG,,InfeedChangeOffset,"","BOOL","","(RADIX := Decimal, Constant := false, ExternalAccess := Read/Write)"
TAG,,InfeedControl,"","UDT_Motion_Instructions","","(Constant := false, ExternalAccess := Read/Write)"
TAG,,InfeedDev,"","REAL","","(RADIX := Float, Constant := false, ExternalAccess := Read/Write)"
TAG,,InfeedDiff,"","REAL","","(RADIX := Float, Constant := false, ExternalAccess := Read/Write)"
TAG,,InfeedMoveType,"","DINT","","(RADIX := Decimal, Constant := false, ExternalAccess := Read/Write)"
TAG,,InfeedOffset,"","REAL","","(RADIX := Float, Constant := false, ExternalAccess := Read/Write)"
TAG,,InfeedOffsetAccel,"","DINT","","(RADIX := Decimal, Constant := false, ExternalAccess := Read/Write)"
TAG,,InfeedOffsetPosition,"","REAL","","(RADIX := Float, Constant := false, ExternalAccess := Read/Write)"
TAG,,InfeedOffsetSpeed,"","DINT","","(RADIX := Decimal, Constant := false, ExternalAccess := Read/Write)"
TAG,,InfeedRecoverPosition,"","REAL","","(RADIX := Float, Constant := false, ExternalAccess := Read/Write)"
TAG,,InfeedSlope,"","REAL","","(RADIX := Float, Constant := false, ExternalAccess := Read/Write)"
TAG,,InfeedSpeed,"","REAL","","(RADIX := Float, Constant := false, ExternalAccess := Read/Write)"
TAG,,InfeedStepNumber,"","DINT","","(RADIX := Decimal, Constant := false, ExternalAccess := Read/Write)"
TAG,,Infeed_Torque_Limit,"","REAL","","(RADIX := Float, Constant := false, ExternalAccess := Read/Write)"
TAG,,LoaderInterlockData,"","INT","","(RADIX := Decimal, Constant := false, ExternalAccess := Read/Write)"
TAG,,Locked_RCP_Mode,"","BOOL","","(RADIX := Decimal, Constant := false, ExternalAccess := Read/Write)"
TAG,,MAFR,"","MOTION_INSTRUCTION[4]","","(Constant := false, ExternalAccess := Read/Write)"
TAG,,MAH,"","MOTION_INSTRUCTION[5]","","(Constant := false, ExternalAccess := Read/Write)"
TAG,,MAJ,"","MOTION_INSTRUCTION[3]","","(Constant := false, ExternalAccess := Read/Write)"
TAG,,MAS,"","MOTION_INSTRUCTION[3]","","(Constant := false, ExternalAccess := Read/Write)"
TAG,,MASR,"","MOTION_INSTRUCTION[4]","","(Constant := false, ExternalAccess := Read/Write)"
TAG,,Master_Encoder_Marker_Homed_Offset,"","REAL","","(RADIX := Float, Constant := false, ExternalAccess := Read/Write)"
TAG,,Master_Encoder_Marker_Offset,"","REAL","","(RADIX := Float, Constant := false, ExternalAccess := Read/Write)"
TAG,,Master_Encoder_Ref_Range,"","BOOL","","(RADIX := Decimal, Constant := false, ExternalAccess := Read/Write)"
TAG,,MC_Avg_Speed,"","REAL","","(RADIX := Float, Constant := false, ExternalAccess := Read/Write)"
TAG,,Message,"","BOOL[64]","","(RADIX := Decimal, Constant := false, ExternalAccess := Read/Write)"
TAG,,MotionGroupOK,"","BOOL","","(RADIX := Decimal, Constant := false, ExternalAccess := Read/Write)"
TAG,,MSF,"","MOTION_INSTRUCTION[3]","","(Constant := false, ExternalAccess := Read/Write)"
TAG,,MSO,"","MOTION_INSTRUCTION[3]","","(Constant := false, ExternalAccess := Read/Write)"
TAG,,MTimer,"","TIMER[6]","","(Constant := false, ExternalAccess := Read/Write)"
TAG,,N7_0,"","DINT[32]","","(RADIX := Decimal, Constant := false, ExternalAccess := Read/Write)"
TAG,,N8_0,"","DINT[2]","","(RADIX := Decimal, Constant := false, ExternalAccess := Read/Write)"
TAG,,N_Test,"","BOOL","","(RADIX := Decimal, Constant := false, ExternalAccess := Read/Write)"
ALIAS,,O300,"","","Local:3:O.Data.0","(RADIX := Decimal, ExternalAccess := Read/Write)"
ALIAS,,O301,"","","Local:3:O.Data.1","(RADIX := Decimal, ExternalAccess := Read/Write)"
ALIAS,,O302,"","","Local:3:O.Data.2","(RADIX := Decimal, ExternalAccess := Read/Write)"
ALIAS,,O303,"","","Local:3:O.Data.3","(RADIX := Decimal, ExternalAccess := Read/Write)"
ALIAS,,O304,"","","Local:3:O.Data.4","(RADIX := Decimal, ExternalAccess := Read/Write)"
ALIAS,,O400,"","","Local:4:O.Data.0","(RADIX := Decimal, ExternalAccess := Read/Write)"
ALIAS,,O401,"","","Local:4:O.Data.1","(RADIX := Decimal, ExternalAccess := Read/Write)"
ALIAS,,O402,"","","Local:4:O.Data.2","(RADIX := Decimal, ExternalAccess := Read/Write)"
ALIAS,,O403,"","","Local:4:O.Data.3","(RADIX := Decimal, ExternalAccess := Read/Write)"
ALIAS,,O404,"","","Local:4:O.Data.4","(RADIX := Decimal, ExternalAccess := Read/Write)"
ALIAS,,O406,"","","Local:4:O.Data.6","(RADIX := Decimal, ExternalAccess := Read/Write)"
ALIAS,,O407,"","","Local:4:O.Data.7","(RADIX := Decimal, ExternalAccess := Read/Write)"
ALIAS,,O414,"","","Local:4:O.Data.14","(RADIX := Decimal, ExternalAccess := Read/Write)"
ALIAS,,O415,"","","Local:4:O.Data.15","(RADIX := Decimal, ExternalAccess := Read/Write)"
ALIAS,,O500,"SLICER BLADES INV ENABLE","","Local:5:O.Data.0","(RADIX := Decimal, ExternalAccess := Read/Write)"
ALIAS,,O501,"SLICER BELTS INV ENABLE","","Local:5:O.Data.1","(RADIX := Decimal, ExternalAccess := Read/Write)"
ALIAS,,O502,"","","Local:5:O.Data.2","(RADIX := Decimal, ExternalAccess := Read/Write)"
TAG,,One_Shot,"","BOOL[32]","","(RADIX := Decimal, Constant := false, ExternalAccess := Read/Write)"
TAG,,Pause_Bit,"","BOOL","","(RADIX := Decimal, Constant := false, ExternalAccess := Read/Write)"
TAG,,Pointer_Bit,"","DINT","","(RADIX := Decimal, Constant := false, ExternalAccess := Read/Write)"
TAG,,Product_Data,"","INT[8]","","(RADIX := Decimal, Constant := false, ExternalAccess := Read/Write)"
TAG,,Product_to_Bagger,"","DINT","","(RADIX := Decimal, Constant := false, ExternalAccess := Read/Write)"
TAG,,Prod_One_Shot,"","BOOL[32]","","(RADIX := Decimal, Constant := false, ExternalAccess := Read/Write)"
TAG,,Recipe,"","INT[6,8]","","(RADIX := Decimal, Constant := false, ExternalAccess := Read/Write)"
TAG,,ResetTime,"","TIMER","","(Constant := false, ExternalAccess := Read/Write)"
TAG,,RunningDischargeCamOffset,"","REAL","","(RADIX := Float, Constant := false, ExternalAccess := Read/Write)"
TAG,,RunningDischargeOffset,"","REAL","","(RADIX := Float, Constant := false, ExternalAccess := Read/Write)"
TAG,,RunningDischargeOffsetDiff,"","REAL","","(RADIX := Float, Constant := false, ExternalAccess := Read/Write)"
TAG,,RunningInfeedCamOffset,"","REAL","","(RADIX := Float, Constant := false, ExternalAccess := Read/Write)"
TAG,,RunningInfeedOffset,"","REAL","","(RADIX := Float, Constant := false, ExternalAccess := Read/Write)"
TAG,,RunningInfeedOffsetDiff,"","REAL","","(RADIX := Float, Constant := false, ExternalAccess := Read/Write)"
TAG,,Scoop_Cam,"","BOOL","","(RADIX := Decimal, Constant := false, ExternalAccess := Read/Write)"
TAG,,Servo_Ref_Complete,"","BOOL","","(RADIX := Decimal, Constant := false, ExternalAccess := Read/Write)"
TAG,,SLICER_RUNOUT_HMI,"SLICER RUNOUT BUTTON ON HMI","BOOL","","(RADIX := Decimal, Constant := false, ExternalAccess := Read/Write)"
TAG,,SLICER_RUNOUT_TIMER,"","TIMER","","(Constant := false, ExternalAccess := Read/Write)"
TAG,,SRCam_Data,"","INT[2]","","(RADIX := Decimal, Constant := false, ExternalAccess := Read/Write)"
TAG,,StartCam,"","BOOL","","(RADIX := Decimal, Constant := false, ExternalAccess := Read/Write)"
TAG,,Store,"","BOOL[32]","","(RADIX := Decimal, Constant := false, ExternalAccess := Read/Write)"
TAG,,Synchro_Cam,"","BOOL","","(RADIX := Decimal, Constant := false, ExternalAccess := Read/Write)"
TAG,,T4_0,"","TIMER[32]","","(Constant := false, ExternalAccess := Read/Write)"
TAG,,test,"","BOOL","","(RADIX := Decimal, Constant := false, ExternalAccess := Read/Write)"
TAG,,Toggle,"","BOOL[32]","","(RADIX := Decimal, Constant := false, ExternalAccess := Read/Write)"
TAG,,WicketDown,"","BOOL","","(RADIX := Decimal, Constant := false, ExternalAccess := Read/Write)"
TAG,,WicketDownAccel,"","DINT","","(RADIX := Decimal, Constant := false, ExternalAccess := Read/Write)"
TAG,,WicketDownSpeed,"","DINT","","(RADIX := Decimal, Constant := false, ExternalAccess := Read/Write)"
TAG,,WicketMAH,"","MOTION_INSTRUCTION","","(Constant := false, ExternalAccess := Read/Write)"
TAG,,WicketMAJ,"","MOTION_INSTRUCTION[5]","","(Constant := false, ExternalAccess := Read/Write)"
TAG,,WicketMAM,"","MOTION_INSTRUCTION","","(Constant := false, ExternalAccess := Read/Write)"
TAG,,WicketMAS,"","MOTION_INSTRUCTION[10]","","(Constant := false, ExternalAccess := Read/Write)"
TAG,,WicketUp,"","BOOL","","(RADIX := Decimal, Constant := false, ExternalAccess := Read/Write)"
TAG,,WicketUpSpeed,"","DINT","","(RADIX := Decimal, Constant := false, ExternalAccess := Read/Write)"
TAG,,Wicket_Bottom_Pulse,"","BOOL","","(RADIX := Decimal, Constant := false, ExternalAccess := Read/Write)"
TAG,,Wicket_Height,"","REAL","","(RADIX := Float, Constant := false, ExternalAccess := Read/Write)"
TAG,,Wicket_Height_OverLimit,"","REAL","","(RADIX := Float, Constant := false, ExternalAccess := Read/Write)"
TAG,,Wicket_LEFT_RGHT_Memory,"","BOOL","","(RADIX := Decimal, Constant := false, ExternalAccess := Read/Write)"
TAG,,Wick_1,"","BOOL","","(RADIX := Decimal, Constant := false, ExternalAccess := Read/Write)"
TAG,,Wick_2,"","BOOL","","(RADIX := Decimal, Constant := false, ExternalAccess := Read/Write)"
TAG,,MotionGroup,"","MOTION_GROUP","","(ExternalAccess := Read/Write, GroupType := Warning Enabled, CoarseUpdatePeriod := 2000, PhaseShift := 0, GeneralFaultType := Non Major Fault, AutoTagUpdate := Enabled)"
TAG,,Discharge_Axis,"","AXIS_SERVO_DRIVE","","(ExternalAccess := Read/Write, MotionGroup := ""MotionGroup"", MotionModule := ""BMP5_Disch_Axis:Ch2"", MotorCatalogNumber := ""MPL-B230P-Vxx2"", MotorType := Rotary Permanent Magnet, RotationalPosResolution := 1000000, ConversionConstant := 10000.0, OutputCamExecutionTargets := 0, PositionUnits := ""Position Units"", AverageVelocityTimebase := 0.25, RotaryAxis := Rotary, PositionUnwind := 10000000, HomeMode := Absolute, HomeDirection := Bi-directional Forward, HomeSequence := Immediate, HomeConfigurationBits := 16#0000_0000, HomePosition := 0.0, HomeOffset := 0.0, HomeSpeed := 0.0, HomeReturnSpeed := 0.0, MaximumSpeed := 7083.3335, MaximumAcceleration := 108362.97, MaximumDeceleration := 93831.85, ProgrammedStopMode := Fast Stop, MasterInputConfigurationBits := 1, MasterPositionFilterBandwidth := 0.1, AxisType := Servo, ServoLoopConfiguration := Position Servo, FaultConfigurationBits := 32, AxisInfoSelect1 := Torque Feedback, AxisInfoSelect2 := Position Error, VelocityFeedforwardGain := 0.0, AccelerationFeedforwardGain := 0.0, PositionProportionalGain := 140.0, PositionIntegralGain := 0.0, VelocityProportionalGain := 350.73145, VelocityIntegralGain := 0.0, TorqueScaling := 1.91915629e-003, OutputLPFilterBandwidth := 0.0, IntegratorHoldEnable := Enabled, MaximumPositiveTravel := 0.0, MaximumNegativeTravel := 0.0, PositionErrorTolerance := 100.0, PositionLockTolerance := 1.0, VelocityOffset := 0.0, TorqueOffset := 0.0, FrictionCompensation := 0.0, FrictionCompensationWindow := 0.0, BacklashStabilizationWindow := 0.0, BacklashReversalOffset := 0.0, HardOvertravelFaultAction := Disable Drive, SoftOvertravelFaultAction := Disable Drive, PositionErrorFaultAction := Disable Drive, FeedbackFaultAction := Disable Drive, FeedbackNoiseFaultAction := Disable Drive, TestIncrement := 100.0, TuningTravelLimit := 2000.0, TuningSpeed := 2500.0, TuningTorque := 100.0, DampingFactor := 0.8, DriveModelTimeConstant := 0.00053825, PositionServoBandwidth := 45.14153, VelocityServoBandwidth := 115.562325, TuningConfigurationBits := 16#0000_0000, TorqueLimitSource := Not Limited, DriveUnit := Motor Rev, PositionDataScaling := 138, PositionDataScalingFactor := 1, PositionDataScalingExp := 0, VelocityDataScaling := 2, VelocityDataScalingFactor := 1, VelocityDataScalingExp := 0, AccelerationDataScaling := 2, AccelerationDataScalingFactor := 1, AccelerationDataScalingExp := 0, TorqueDataScaling := 0, TorqueDataScalingFactor := 1, TorqueDataScalingExp := 0, DrivePolarity := Negative, MotorFeedbackType := SKM, MotorFeedbackResolution := 128, AuxFeedbackType := <none>, AuxFeedbackResolution := 4000, MotorFeedbackUnit := Rev, AuxFeedbackUnit := Rev, OutputNotchFilterFrequency := 0.0, VelocityDroop := 0.0, VelocityLimitBipolar := 8333.333, AccelerationLimitBipolar := 2422584.3, TorqueLimitBipolar := 228.26085, VelocityLimitPositive := 8333.333, VelocityLimitNegative := -8333.333, VelocityThreshold := 0.0, VelocityWindow := 1.0, VelocityStandstillWindow := 1.0, AccelerationLimitPositive := 2422584.3, AccelerationLimitNegative := -2422584.3, TorqueLimitPositive := 228.26085, TorqueLimitNegative := -228.26085, TorqueThreshold := 0.0, DriveThermalFaultAction := Disable Drive, MotorThermalFaultAction := Disable Drive, DriveEnableInputFaultAction := Disable Drive, StoppingTorque := 228.26085, StoppingTimeLimit := 10.0, BrakeEngageDelayTime := 0.0, BrakeReleaseDelayTime := 0.0, PowerSupplyID := 2094-BMP5, BusRegulatorID := <none>, PWMFrequencySelect := High Frequency, LoadInertiaRatio := 9.184221, AmplifierCatalogNumber := ""2094-BMP5"", AuxFeedbackRatio := 1.0, ContinuousTorqueLimit := 100.0, ResistiveBrakeContactDelay := 0.0, MaximumAccelerationJerk := 1657769.3, MaximumDecelerationJerk := 1242976.4, DynamicsConfigurationBits := 7, PhaseLossFaultAction := Shutdown, HomeTorqueLevel := 0.0, InputPowerPhase := Three-Phase, MotorRatedContinuousCurrent := 1.84, MotorRatedPeakCurrent := 7.99, RotaryMotorInertia := 0.000063, RotaryMotorRatedSpeed := 5000.0, LinearMotorRatedSpeed := 0.0, LinearMotorMass := 0.0, SystemAccelerationBase := 5306.614, DriveModelTimeConstantBase := 0.000507, DriveRatedPeakCurrent := 4.2, MotorData := 3 2 77 80 76 45 66 50 51 48 80 45 120 120 120 50 32 32 4 184 32 32 32 32 32 32 32 32 32 32 24 48 84 0 0 1 1 7 207 79 75 0 0 20 8 0 50 220 213 0 184 3 31 19 136 19 136 0 9 0 128 8 239 120 0 0 2 138 0 210 16 66 10 38 0 0 0 0 0 193 0 0 0 0 0 0 0 0 0 0 0 0 0 0 30 133 4 156 3 52 0 1 128 2 1 0 0 0 0 0 255 255 255 255 255 255 255 255 0 0 0 0 0 0 0 0 136 207 0 0 0 0 0 0 0 0 0 0 0 0 0 0 0 0 0 0 0 0 0 0 0 0 0 0 0 0 0 0 0 0 0 0 0 0 0 0 0 0 0 0 0 0 0 0 0 0 0 0 0 0 0 0 0 0 0 0 0 0 0 0 0 0 0 0 0 0 0 0 0 0 0 0 0 0 0 0 0 0 0 0 0 0 0 0 0 0 0 0 0 0 0 0 0 0 0 0 0 0 0 0 0 0 0 0 0 0 0 0 0 0 0 0 0 0 0 0 1 5 0 1 67 21 0 0 162 19)"
TAG,,Infeed_Axis,"","AXIS_SERVO_DRIVE","","(ExternalAccess := Read/Write, MotionGroup := ""MotionGroup"", MotionModule := ""BC01_Infd_Axis:Ch1"", MotorCatalogNumber := ""MPL-B230P-Vxx2"", MotorType := Rotary Permanent Magnet, RotationalPosResolution := 1000000, ConversionConstant := 20000.0, OutputCamExecutionTargets := 0, PositionUnits := ""Position Units"", AverageVelocityTimebase := 0.25, RotaryAxis := Rotary, PositionUnwind := 20000000, HomeMode := Absolute, HomeDirection := Bi-directional Forward, HomeSequence := Immediate, HomeConfigurationBits := 16#0000_0000, HomePosition := 0.0, HomeOffset := 0.0, HomeSpeed := 0.0, HomeReturnSpeed := 0.0, MaximumSpeed := 3541.6667, MaximumAcceleration := 113951.68, MaximumDeceleration := 176908.77, ProgrammedStopMode := Fast Stop, MasterInputConfigurationBits := 1, MasterPositionFilterBandwidth := 0.1, AxisType := Servo, ServoLoopConfiguration := Position Servo, FaultConfigurationBits := 32, AxisInfoSelect1 := Torque Feedback, AxisInfoSelect2 := Position Error, VelocityFeedforwardGain := 0.0, AccelerationFeedforwardGain := 0.0, PositionProportionalGain := 283.4888, PositionIntegralGain := 0.0, VelocityProportionalGain := 725.73145, VelocityIntegralGain := 0.0, TorqueScaling := 1.33412250e-003, OutputLPFilterBandwidth := 0.0, IntegratorHoldEnable := Enabled, MaximumPositiveTravel := 0.0, MaximumNegativeTravel := 0.0, PositionErrorTolerance := 24.98629, PositionLockTolerance := 0.5, VelocityOffset := 0.0, TorqueOffset := 0.0, FrictionCompensation := 0.0, FrictionCompensationWindow := 0.0, BacklashStabilizationWindow := 0.0, BacklashReversalOffset := 0.0, HardOvertravelFaultAction := Disable Drive, SoftOvertravelFaultAction := Disable Drive, PositionErrorFaultAction := Disable Drive, FeedbackFaultAction := Disable Drive, FeedbackNoiseFaultAction := Disable Drive, TestIncrement := 100.0, TuningTravelLimit := 2000.0, TuningSpeed := 1500.0, TuningTorque := 100.0, DampingFactor := 0.8, DriveModelTimeConstant := 0.00053825, PositionServoBandwidth := 45.14153, VelocityServoBandwidth := 115.562325, TuningConfigurationBits := 16#0000_0000, TorqueLimitSource := Not Limited, DriveUnit := Motor Rev, PositionDataScaling := 138, PositionDataScalingFactor := 1, PositionDataScalingExp := 0, VelocityDataScaling := 2, VelocityDataScalingFactor := 1, VelocityDataScalingExp := 0, AccelerationDataScaling := 2, AccelerationDataScalingFactor := 1, AccelerationDataScalingExp := 0, TorqueDataScaling := 0, TorqueDataScalingFactor := 1, TorqueDataScalingExp := 0, DrivePolarity := Negative, MotorFeedbackType := SKM, MotorFeedbackResolution := 128, AuxFeedbackType := <none>, AuxFeedbackResolution := 4000, MotorFeedbackUnit := Rev, AuxFeedbackUnit := Rev, OutputNotchFilterFrequency := 0.0, VelocityDroop := 0.0, VelocityLimitBipolar := 4166.6665, AccelerationLimitBipolar := 1211292.1, TorqueLimitBipolar := 228.26085, VelocityLimitPositive := 4166.6665, VelocityLimitNegative := -4166.6665, VelocityThreshold := 0.0, VelocityWindow := 1.0, VelocityStandstillWindow := 1.0, AccelerationLimitPositive := 1211292.1, AccelerationLimitNegative := -1211292.1, TorqueLimitPositive := 228.26085, TorqueLimitNegative := -228.26085, TorqueThreshold := 0.0, DriveThermalFaultAction := Disable Drive, MotorThermalFaultAction := Disable Drive, DriveEnableInputFaultAction := Disable Drive, StoppingTorque := 228.26085, StoppingTimeLimit := 10.0, BrakeEngageDelayTime := 0.0, BrakeReleaseDelayTime := 0.0, PowerSupplyID := 2094-BC01-MP5, BusRegulatorID := <none>, PWMFrequencySelect := High Frequency, LoadInertiaRatio := 2.5398364, AmplifierCatalogNumber := ""2094-BC01-MP5"", AuxFeedbackRatio := 1.0, ContinuousTorqueLimit := 100.0, ResistiveBrakeContactDelay := 0.0, MaximumAccelerationJerk := 3666348.8, MaximumDecelerationJerk := 8836718.0, DynamicsConfigurationBits := 7, PhaseLossFaultAction := Shutdown, HomeTorqueLevel := 0.0, InputPowerPhase := Three-Phase, MotorRatedContinuousCurrent := 1.84, MotorRatedPeakCurrent := 7.99, RotaryMotorInertia := 0.000063, RotaryMotorRatedSpeed := 5000.0, LinearMotorRatedSpeed := 0.0, LinearMotorMass := 0.0, SystemAccelerationBase := 5306.614, DriveModelTimeConstantBase := 0.000507, DriveRatedPeakCurrent := 4.2, MotorData := 3 2 77 80 76 45 66 50 51 48 80 45 120 120 120 50 32 32 4 184 32 32 32 32 32 32 32 32 32 32 24 48 84 0 0 1 1 7 207 79 75 0 0 20 8 0 50 220 213 0 184 3 31 19 136 19 136 0 9 0 128 8 239 120 0 0 2 138 0 210 16 66 10 38 0 0 0 0 0 193 0 0 0 0 0 0 0 0 0 0 0 0 0 0 30 133 4 156 3 52 0 1 128 2 1 0 0 0 0 0 255 255 255 255 255 255 255 255 0 0 0 0 0 0 0 0 136 207 0 0 0 0 0 0 0 0 0 0 0 0 0 0 0 0 0 0 0 0 0 0 0 0 0 0 0 0 0 0 0 0 0 0 0 0 0 0 0 0 0 0 0 0 0 0 0 0 0 0 0 0 0 0 0 0 0 0 0 0 0 0 0 0 0 0 0 0 0 0 0 0 0 0 0 0 0 0 0 0 0 0 0 0 0 0 0 0 0 0 0 0 0 0 0 0 0 0 0 0 0 0 0 0 0 0 0 0 0 0 0 0 0 0 0 0 0 0 1 5 0 1 67 21 0 0 162 19)"
TAG,,Master_Encoder,"","AXIS_SERVO_DRIVE","","(ExternalAccess := Read/Write, MotionGroup := ""MotionGroup"", MotionModule := ""BC01_Infd_Axis:Ch129"", MotorCatalogNumber := ""<none>"", MotorType := Not Specified, RotationalPosResolution := 10000, ConversionConstant := 10.0, OutputCamExecutionTargets := 0, PositionUnits := ""Position Units"", AverageVelocityTimebase := 0.25, RotaryAxis := Rotary, PositionUnwind := 10000, HomeMode := Passive, HomeDirection := Bi-directional Forward, HomeSequence := Marker, HomeConfigurationBits := 16#0000_0000, HomePosition := 45.789314, HomeOffset := 0.0, HomeSpeed := 0.0, HomeReturnSpeed := 0.0, MaximumSpeed := 0.0, MaximumAcceleration := 0.0, MaximumDeceleration := 0.0, ProgrammedStopMode := Fast Stop, MasterInputConfigurationBits := 1, MasterPositionFilterBandwidth := 0.1, AxisType := Feedback Only, ServoLoopConfiguration := Aux Feedback Only, FaultConfigurationBits := 32, AxisInfoSelect1 := <none>, AxisInfoSelect2 := <none>, VelocityFeedforwardGain := 0.0, AccelerationFeedforwardGain := 0.0, PositionProportionalGain := 0.0, PositionIntegralGain := 0.0, VelocityProportionalGain := 0.0, VelocityIntegralGain := 0.0, TorqueScaling := 0.0, OutputLPFilterBandwidth := 0.0, IntegratorHoldEnable := Enabled, MaximumPositiveTravel := 0.0, MaximumNegativeTravel := 0.0, PositionErrorTolerance := 0.0, PositionLockTolerance := 0.01, VelocityOffset := 0.0, TorqueOffset := 0.0, FrictionCompensation := 0.0, FrictionCompensationWindow := 0.0, BacklashStabilizationWindow := 0.0, BacklashReversalOffset := 0.0, HardOvertravelFaultAction := Disable Drive, SoftOvertravelFaultAction := Disable Drive, PositionErrorFaultAction := Disable Drive, FeedbackFaultAction := Shutdown, FeedbackNoiseFaultAction := Status Only, TestIncrement := 10000.0, TuningTravelLimit := 0.0, TuningSpeed := 0.0, TuningTorque := 100.0, DampingFactor := 0.8, DriveModelTimeConstant := 0.0015, PositionServoBandwidth := 16.0, VelocityServoBandwidth := 40.0, TuningConfigurationBits := 16#0000_0000, TorqueLimitSource := Not Limited, DriveUnit := Aux Rev, PositionDataScaling := 202, PositionDataScalingFactor := 1, PositionDataScalingExp := 0, VelocityDataScaling := 66, VelocityDataScalingFactor := 1, VelocityDataScalingExp := 0, AccelerationDataScaling := 66, AccelerationDataScalingFactor := 1, AccelerationDataScalingExp := 0, TorqueDataScaling := 64, TorqueDataScalingFactor := 1, TorqueDataScalingExp := 0, DrivePolarity := Negative, MotorFeedbackType := <none>, MotorFeedbackResolution := 4000, AuxFeedbackType := TTL, AuxFeedbackResolution := 10000, MotorFeedbackUnit := Rev, AuxFeedbackUnit := Rev, OutputNotchFilterFrequency := 0.0, VelocityDroop := 0.0, VelocityLimitBipolar := 0.0, AccelerationLimitBipolar := 0.0, TorqueLimitBipolar := 0.0, VelocityLimitPositive := 0.0, VelocityLimitNegative := 0.0, VelocityThreshold := 0.0, VelocityWindow := 1.0, VelocityStandstillWindow := 1.0, AccelerationLimitPositive := 0.0, AccelerationLimitNegative := 0.0, TorqueLimitPositive := 0.0, TorqueLimitNegative := 0.0, TorqueThreshold := 0.0, DriveThermalFaultAction := Disable Drive, MotorThermalFaultAction := Disable Drive, DriveEnableInputFaultAction := Disable Drive, StoppingTorque := 0.0, StoppingTimeLimit := 10.0, BrakeEngageDelayTime := 0.0, BrakeReleaseDelayTime := 0.0, PowerSupplyID := 2094-BC01-MP5, BusRegulatorID := <none>, PWMFrequencySelect := High Frequency, LoadInertiaRatio := 0.0, AmplifierCatalogNumber := ""2094-BC01-MP5"", AuxFeedbackRatio := 1.0, ContinuousTorqueLimit := 100.0, ResistiveBrakeContactDelay := 0.0, MaximumAccelerationJerk := 0.0, MaximumDecelerationJerk := 0.0, DynamicsConfigurationBits := 7, PhaseLossFaultAction := Shutdown, HomeTorqueLevel := 0.0, InputPowerPhase := Three-Phase, MotorRatedContinuousCurrent := 0.0, MotorRatedPeakCurrent := 0.0, RotaryMotorInertia := 0.0, RotaryMotorRatedSpeed := 0.0, LinearMotorRatedSpeed := 0.0, LinearMotorMass := 0.0, SystemAccelerationBase := 0.0, DriveModelTimeConstantBase := 0.000507, DriveRatedPeakCurrent := 4.2, MotorData := 0 0 0 0 0 0 0 0 0 0 0 0 0 0 0 0 0 0 0 0 0 0 0 0 0 0 0 0 0 0 0 0 0 0 0 0 0 0 0 0 0 0 0 0 0 0 0 0 0 0 0 0 0 0 0 0 0 0 0 0 0 0 0 0 0 0 0 0 0 0 0 0 0 0 0 0 0 0 0 0 0 0 0 0 0 0 0 0 0 0 0 0 0 0 0 0 0 0 0 0 0 0 0 0 0 0 0 0 0 0 0 0 0 0 0 0 0 0 0 0 0 0 0 0 0 0 0 0 0 0 0 0 0 0 0 0 0 0 0 0 0 0 0 0 0 0 0 0 0 0 0 0 0 0 0 0 0 0 0 0 0 0 0 0 0 0 0 0 0 0 0 0 0 0 0 0 0 0 0 0 0 0 0 0 0 0 0 0 0 0 0 0 0 0 0 0 0 0 0 0 0 0 0 0 0 0 0 0 0 0 0 0 0 0 0 0 0 0 0 0 0 0 0 0 0 0 0 0 0 0 0 0 0 0 0 0 0 0 0 0 0 0 0 0 0 0 0 0 0 0 0 0 0 0 0 0)"
TAG,,Wicket_Axis,"","AXIS_SERVO_DRIVE","","(ExternalAccess := Read/Write, MotionGroup := ""MotionGroup"", MotionModule := ""BMP5_Wckt_Axis:Ch3"", MotorCatalogNumber := ""MPL-B230P-Vxx2"", MotorType := Rotary Permanent Magnet, RotationalPosResolution := 952500, ConversionConstant := 3000000.0, OutputCamExecutionTargets := 0, PositionUnits := ""Position Units"", AverageVelocityTimebase := 0.25, RotaryAxis := Linear, PositionUnwind := 10000, HomeMode := Active, HomeDirection := Bi-directional Forward, HomeSequence := Immediate, HomeConfigurationBits := 16#0000_0000, HomePosition := 0.0, HomeOffset := 0.0, HomeSpeed := 0.0, HomeReturnSpeed := 0.0, MaximumSpeed := 22.489584, MaximumAcceleration := 1340.3794, MaximumDeceleration := 1229.743, ProgrammedStopMode := Fast Stop, MasterInputConfigurationBits := 1, MasterPositionFilterBandwidth := 0.1, AxisType := Servo, ServoLoopConfiguration := Position Servo, FaultConfigurationBits := 32, AxisInfoSelect1 := Torque Feedback, AxisInfoSelect2 := Position Error, VelocityFeedforwardGain := 0.0, AccelerationFeedforwardGain := 0.0, PositionProportionalGain := 283.4888, PositionIntegralGain := 20.091476, VelocityProportionalGain := 725.73145, VelocityIntegralGain := 0.0, TorqueScaling := 0.15098248, OutputLPFilterBandwidth := 0.0, IntegratorHoldEnable := Enabled, MaximumPositiveTravel := 0.0, MaximumNegativeTravel := 0.0, PositionErrorTolerance := 0.15866295, PositionLockTolerance := 0.003175, VelocityOffset := 0.0, TorqueOffset := 0.0, FrictionCompensation := 0.0, FrictionCompensationWindow := 0.0, BacklashStabilizationWindow := 0.0, BacklashReversalOffset := 0.0, HardOvertravelFaultAction := Disable Drive, SoftOvertravelFaultAction := Disable Drive, PositionErrorFaultAction := Disable Drive, FeedbackFaultAction := Disable Drive, FeedbackNoiseFaultAction := Disable Drive, TestIncrement := 10.0, TuningTravelLimit := 100.0, TuningSpeed := 20.0, TuningTorque := 228.0, DampingFactor := 0.8, DriveModelTimeConstant := 0.00053825, PositionServoBandwidth := 45.14153, VelocityServoBandwidth := 115.562325, TuningConfigurationBits := 16#0000_0042, TorqueLimitSource := Not Limited, DriveUnit := Motor Rev, PositionDataScaling := 10, PositionDataScalingFactor := 1, PositionDataScalingExp := 0, VelocityDataScaling := 2, VelocityDataScalingFactor := 1, VelocityDataScalingExp := 0, AccelerationDataScaling := 2, AccelerationDataScalingFactor := 1, AccelerationDataScalingExp := 0, TorqueDataScaling := 0, TorqueDataScalingFactor := 1, TorqueDataScalingExp := 0, DrivePolarity := Positive, MotorFeedbackType := SKM, MotorFeedbackResolution := 128, AuxFeedbackType := <none>, AuxFeedbackResolution := 4000, MotorFeedbackUnit := Rev, AuxFeedbackUnit := Rev, OutputNotchFilterFrequency := 0.0, VelocityDroop := 0.0, VelocityLimitBipolar := 26.458334, AccelerationLimitBipolar := 3845.8525, TorqueLimitBipolar := 228.26085, VelocityLimitPositive := 26.458334, VelocityLimitNegative := -26.458334, VelocityThreshold := 0.0, VelocityWindow := 1.0, VelocityStandstillWindow := 1.0, AccelerationLimitPositive := 3845.8525, AccelerationLimitNegative := -3845.8525, TorqueLimitPositive := 228.26085, TorqueLimitNegative := -228.26085, TorqueThreshold := 0.0, DriveThermalFaultAction := Disable Drive, MotorThermalFaultAction := Disable Drive, DriveEnableInputFaultAction := Disable Drive, StoppingTorque := 228.26085, StoppingTimeLimit := 10.0, BrakeEngageDelayTime := 0.0, BrakeReleaseDelayTime := 0.0, PowerSupplyID := 2094-BMP5, BusRegulatorID := <none>, PWMFrequencySelect := High Frequency, LoadInertiaRatio := 1.5438282, AmplifierCatalogNumber := ""2094-BMP5"", AuxFeedbackRatio := 1.0, ContinuousTorqueLimit := 100.0, ResistiveBrakeContactDelay := 0.0, MaximumAccelerationJerk := 79886.625, MaximumDecelerationJerk := 67243.04, DynamicsConfigurationBits := 7, PhaseLossFaultAction := Shutdown, HomeTorqueLevel := 0.0, InputPowerPhase := Three-Phase, MotorRatedContinuousCurrent := 1.84, MotorRatedPeakCurrent := 7.99, RotaryMotorInertia := 0.000063, RotaryMotorRatedSpeed := 5000.0, LinearMotorRatedSpeed := 0.0, LinearMotorMass := 0.0, SystemAccelerationBase := 5306.614, DriveModelTimeConstantBase := 0.000507, DriveRatedPeakCurrent := 4.2, MotorData := 3 2 77 80 76 45 66 50 51 48 80 45 120 120 120 50 32 32 4 184 32 32 32 32 32 32 32 32 32 32 24 48 84 0 0 1 1 7 207 79 75 0 0 20 8 0 50 220 213 0 184 3 31 19 136 19 136 0 9 0 128 8 239 120 0 0 2 138 0 210 16 66 10 38 0 0 0 0 0 193 0 0 0 0 0 0 0 0 0 0 0 0 0 0 30 133 4 156 3 52 0 1 128 2 1 0 0 0 0 0 255 255 255 255 255 255 255 255 0 0 0 0 0 0 0 0 136 207 0 0 0 0 0 0 0 0 0 0 0 0 0 0 0 0 0 0 0 0 0 0 0 0 0 0 0 0 0 0 0 0 0 0 0 0 0 0 0 0 0 0 0 0 0 0 0 0 0 0 0 0 0 0 0 0 0 0 0 0 0 0 0 0 0 0 0 0 0 0 0 0 0 0 0 0 0 0 0 0 0 0 0 0 0 0 0 0 0 0 0 0 0 0 0 0 0 0 0 0 0 0 0 0 0 0 0 0 0 0 0 0 0 0 0 0 0 0 1 5 0 1 67 21 0 0 162 19)"
TAG,,LoaderInterlock,"","MESSAGE","","(ExternalAccess := Read/Write, MessageType := SLC Typed Read, RemoteElement := ""N7:230"", RequestedLength := 1, ConnectionPath := ""0, 16.191.1.140"", CommTypeCode := 0, LocalIndex := 0, LocalElement := ""LoaderInterlockData"")"
